<?xml version="1.0"?>
<doc>
    <assembly>
        <name>LAIR.Extensions</name>
    </assembly>
    <members>
        <member name="T:LAIR.Extensions.StringExtensions">
            <summary>
            Provides extension methods for strings
            </summary>
        </member>
        <member name="M:LAIR.Extensions.StringExtensions.#cctor">
            <summary>
            Constructor
            </summary>
        </member>
        <member name="M:LAIR.Extensions.StringExtensions.Replace(System.String,System.Collections.Generic.Dictionary{System.String,System.String},System.Boolean)">
            <summary>
            Replaces strings within a string
            </summary>
            <param name="s">String to process</param>
            <param name="replacements">Replacement string pairs, where the key is the string to find and the value is the replacement</param>
            <param name="repeatUntilNoChange">Whether or not to repeat replacement procedure until no changes are made</param>
            <returns>String with replacements made</returns>
        </member>
        <member name="M:LAIR.Extensions.StringExtensions.TrimPunctuation(System.String)">
            <summary>
            Removes leading and trailing punctuation from a string
            </summary> 
            <param name="s">String to trim punctuation from</param>
            <returns>Trimmed string</returns>
        </member>
        <member name="M:LAIR.Extensions.StringExtensions.TrimPunctuation(System.String,System.Boolean,System.Boolean)">
            <summary>
            Removes leading and trailing punctuation from a string
            </summary> 
            <param name="s">String to trim punctuation from</param>
            <param name="leading">Whether or not to trim leading punctuation</param>
            <param name="trailing">Whether or not to trim trailing punctuation</param>
            <returns>Trimmed string</returns>
        </member>
        <member name="M:LAIR.Extensions.StringExtensions.RemovePunctuation(System.String)">
            <summary>
            Removes punctuation characters (any that aren't a-z, A-Z, or 0-9)
            </summary>
            <param name="s">String to process</param>
            <returns>String without punctuation</returns>
        </member>
        <member name="M:LAIR.Extensions.StringExtensions.ReplacePunctuation(System.String,System.String)">
            <summary>
            Replaces punctuation characters (any that aren't a-z, A-Z, or 0-9) with something else
            </summary>
            <param name="s"></param>
            <param name="replacement"></param>
            <returns></returns>
        </member>
        <member name="M:LAIR.Extensions.StringExtensions.RemoveWhitespace(System.String)">
            <summary>
            Removes all whitespace characters from a string (\s regex character class)
            </summary>
            <param name="s">String to process</param>
            <returns>String without whitespace</returns>
        </member>
        <member name="M:LAIR.Extensions.StringExtensions.RemoveRepeatedWhitespace(System.String)">
            <summary>
            Removes repeated whitespace from a string
            </summary>
            <param name="s">String to process</param>
            <returns>String without repeated whitespace</returns>
        </member>
        <member name="M:LAIR.Extensions.StringExtensions.Disallow(System.String,System.Char[])">
            <summary>
            Throws an exception if any of the given characters are present in the string
            </summary>
            <param name="s">String to check</param>
            <param name="chars">Character(s) to disallow</param>
        </member>
        <member name="M:LAIR.Extensions.StringExtensions.Split(System.String,System.Int32)">
            <summary>
            Splits a string on space characters, guaranteeing a specific number of parts. Will throw an exception if the expected number of parts is not found.
            </summary>
            <param name="s">String to split</param>
            <param name="expectedParts">Number of parts expected</param>
            <returns>Parts resulting from split</returns>
        </member>
        <member name="M:LAIR.Extensions.StringExtensions.Split(System.String,System.Int32,System.Char[])">
            <summary>
            Splits a string on space characters, guaranteeing a specific number of parts. Will throw an exception if the expected number of parts is not found.
            </summary>
            <param name="s">String to split</param>
            <param name="expectedParts">Number of parts expected</param>
            <param name="splitCharacters">Characters to split on</param>
            <returns>Parts resulting from split</returns>
        </member>
        <member name="M:LAIR.Extensions.StringExtensions.GetParts(System.String)">
            <summary>
            Gets enumeration of parts within a string, delimited by space characters
            </summary>
            <param name="s"></param>
            <returns></returns>
        </member>
        <member name="M:LAIR.Extensions.StringExtensions.EscapeXmlElement(System.String)">
            <summary>
            Converts a string to its XML-escaped version
            </summary>
            <param name="text">Text to convert</param>
            <returns>XML-escaped version of text</returns>
        </member>
        <member name="M:LAIR.Extensions.StringExtensions.UnescapeXML(System.String)">
            <summary>
            Unescapes an string that has been XML-escaped
            </summary>
            <param name="text">Text to convert</param>
            <returns>Unescaped XML text</returns>
        </member>
        <member name="M:LAIR.Extensions.StringExtensions.GetRelativePathTo(System.String,System.String)">
            <summary>
            Gets path relative to another path
            </summary>
            <param name="path">Base path for absolute path</param>
            <param name="absolutePath">Absolute path</param>
            <returns>Relative path</returns>
        </member>
        <member name="M:LAIR.Extensions.StringExtensions.GetCommonInitialSubstring(System.String,System.String)">
            <summary>
            Gets the common initial substring between two strings
            </summary>
            <param name="string1">First string</param>
            <param name="string2">Second string</param>
            <returns>Common initial substring</returns>
        </member>
        <member name="M:LAIR.Extensions.StringExtensions.InitialCharactersToUpper(System.String,System.Int32)">
            <summary>
            Changes the first n characters of a string to uppercase
            </summary>
            <param name="s">String to change</param>
            <param name="numChars">Number of characters to change</param>
            <returns>Modified string</returns>
        </member>
        <member name="M:LAIR.Extensions.StringExtensions.GetNthNonSpaceIndex(System.String,System.Int32)">
            <summary>
            Gets the index of the nth non-space character within a string
            </summary>
            <param name="s">String to search</param>
            <param name="n">n</param>
            <returns>Index of nth non-space character</returns>
        </member>
        <member name="M:LAIR.Extensions.StringExtensions.GetNthIndexOf(System.String,System.Char,System.Int32)">
            <summary>
            Gets the index of the nth occurrence of a character
            </summary>
            <param name="s">String to search</param>
            <param name="c">Character to search for</param>
            <param name="n">Value of n</param>
            <returns>Index of the nth occurrence of c</returns>
        </member>
        <member name="M:LAIR.Extensions.StringExtensions.GetIndexesOf(System.String,System.String)">
            <summary>
            Gets all indexes of a substring within the current string
            </summary>
            <param name="s">String to search</param>
            <param name="substring">Substring to search for</param>
            <returns>Indexes</returns>
        </member>
        <member name="M:LAIR.Extensions.StringExtensions.Concatenate(System.Collections.Generic.IEnumerable{System.String},System.String)">
            <summary>
            Concatenates an enumeration of strings
            </summary>
            <param name="strings">Strings to concatenate</param>
            <param name="separator">Separator for strings</param>
            <returns>Concatenated string</returns>
        </member>
        <member name="M:LAIR.Extensions.StringExtensions.Encrypt(System.String,System.Byte[],System.Byte[])">
            <summary>
            Encrypts a string using AES encryption
            </summary>
            <param name="s">String to encrypt</param>
            <param name="key">Encryption key to use</param>
            <param name="initialization">Initialization to use</param>
            <returns>Encrypted bytes</returns>
        </member>
        <member name="M:LAIR.Extensions.StringExtensions.Decrypt(System.Byte[],System.Byte[],System.Byte[])">
            <summary>
            Decrypts a string using AES encryption
            </summary>
            <param name="bytes">Bytes to decrypt</param>
            <param name="key">Encryption key used to produce the bytes</param>
            <param name="initialization">Initialization that was used to produce the bytes</param>
            <returns>Unencrypted string</returns>
        </member>
        <member name="T:LAIR.Extensions.TreeBankNodeExtensions">
            <summary>
            Provides extension methods for TreeBank nodes
            </summary>
        </member>
        <member name="M:LAIR.Extensions.TreeBankNodeExtensions.GetArgumentIndex(LAIR.ResourceAPIs.PennBank.TreeBank.TreeBankNode,System.Boolean)">
            <summary>
            Gets the argument index for a node. Node can only have a single index associated with it. An 
            exception will be thrown if it has multiple indexes.
            </summary>
            <param name="n">Node to get argument index for. Must be a NomBankNode or a PropBankNode</param>
            <param name="nomBankToPropBank">Whether or not to convert NomBank argument indexes to PropBank indexes when
            possible</param>
            <returns>Argument index</returns>
        </member>
        <member name="M:LAIR.Extensions.TreeBankNodeExtensions.GetArgumentIndexes(LAIR.ResourceAPIs.PennBank.TreeBank.TreeBankNode,System.Boolean)">
            <summary>
            Gets the argument indexes for a node. Node can have multiple indexes, as opposed to GetArgumentIndex. Of course,
            calling this on PropBank nodes will only ever return a single index.
            </summary>
            <param name="n">Node to get argument indexes for. Must be a NomBankNode or a PropBankNode.</param>
            <param name="nomBankToPropBank">Whether or not to convert NomBank argument indexes to PropBank indexes when
            possible</param>
            <returns>Argument indexes</returns>
        </member>
        <member name="M:LAIR.Extensions.TreeBankNodeExtensions.GetArgumentIndexes(LAIR.ResourceAPIs.PennBank.TreeBank.TreeBankNode,System.Boolean,LAIR.Collections.Generic.Set{System.Int32}@)">
            <summary>
            Gets the argument indexes for a node. Node can have multiple indexes, as opposed to GetArgumentIndex. Of course,
            calling this on PropBank nodes will only ever return a single index.
            </summary>
            <param name="n">Node to get argument indexes for. Must be a NomBankNode or a PropBankNode.</param>
            <param name="nomBankToPropBank">Whether or not to convert NomBank argument indexes to PropBank indexes when
            possible</param>
            <param name="originalIndexes">Original argument indexes, before they were converted to PropBank indexes. If
            nomBankToPropBank is false, this must be null. If nomBankToPropBank is true, this may be either null or non-null. In 
            the latter case, argument indexes will be added to the passed set using Set.Add. This set will also contain any PropBank
            argument indexes.</param>
            <returns>Argument indexes</returns>
        </member>
        <member name="M:LAIR.Extensions.TreeBankNodeExtensions.GetPredicateNode(LAIR.ResourceAPIs.PennBank.TreeBank.TreeBankNode,System.Boolean)">
            <summary>
            Gets the predicate node for a given predicate tree
            </summary>
            <param name="n">Predicate tree - must be either a NomBankNode or a PropBankNode</param>
            <param name="allowPhrasalPredicates">Whether or not to allow phrasal predicates. If true and a phrasal predicate is 
            encountered, the first token of the phrasal predicate will be returned.</param>
            <returns>Predicate node</returns>
        </member>
        <member name="M:LAIR.Extensions.TreeBankNodeExtensions.GetBasePredicate(LAIR.ResourceAPIs.PennBank.TreeBank.TreeBankNode,System.Boolean)">
            <summary>
            Gets base predicate for a predicate tree (i.e., the predicate contained in Information.Noun or Information.Verb). Only
            valid for root nodes.
            </summary>
            <param name="n">Predicate tree for which to get base predicate (must be root)</param>
            <param name="nomBankToPropBank">Whether or not to convert NomBank predicates to PropBank predicates where possible</param>
            <returns>Base predicate</returns>
        </member>
        <member name="M:LAIR.Extensions.TreeBankNodeExtensions.GetBasePredicate(LAIR.ResourceAPIs.PennBank.TreeBank.TreeBankNode,System.Boolean,System.Boolean@)">
            <summary>
            Gets base predicate for a predicate tree (i.e., the predicate contained in Information.Noun or Information.Verb). Only
            valid for root nodes.
            </summary>
            <param name="n">Predicate tree for which to get base predicate (must be root)</param>
            <param name="nomBankToPropBank">Whether or not to convert NomBank predicates to PropBank predicates where possible</param>
            <param name="predicateIsVerb">Whether or not the returned predicate is a verb or a noun converted to a verb</param>
            <returns>Base predicate</returns>
        </member>
        <member name="M:LAIR.Extensions.TreeBankNodeExtensions.GetBasePredicate(LAIR.ResourceAPIs.PennBank.TreeBank.TreeBankNode,System.Boolean,System.Boolean@,System.String@,System.Boolean@)">
            <summary>
            Gets base predicate for a predicate tree (i.e., the predicate contained in Information.Noun or Information.Verb). Only
            valid for root nodes.
            </summary>
            <param name="n">Predicate tree for which to get base predicate (must be root)</param>
            <param name="nomBankToPropBank">Whether or not to convert NomBank predicates to PropBank predicates where possible</param>
            <param name="predicateIsVerb">Whether or not the returned predicate is a verb or a noun converted to a verb</param>
            <param name="originalPredicate">Original predicate, before any NomBank-PropBank conversion</param>
            <param name="originalPredicateIsVerb">Whether or not the original predicate is a verb</param>
            <returns>Base predicate</returns>
        </member>
        <member name="M:LAIR.Extensions.TreeBankNodeExtensions.GetArgumentNodes(LAIR.ResourceAPIs.PennBank.TreeBank.TreeBankNode,System.Boolean,System.Boolean,System.Boolean,System.Boolean,System.Boolean)">
            <summary>
            Gets argument nodes for a predicate tree. Only valid for root nodes of PropBank and NomBank trees.
            </summary>
            <param name="n">Predicate tree to get arguments for - must be a NomBankNode or PropBankNode</param>
            <param name="includeNullElements">Whether or not to include null-element argument nodes</param>
            <param name="includeSplitArguments">Whether or not to include split arguments</param>
            <param name="headSplitArgumentNodesOnly">If including split nodes, this specifies whether or not to only include the head node
            of the split argument. The head node is defined as the node containing the semantic head of the LCA of all nodes
            in the split argument.</param>
            <param name="includeSingleNodeArguments">Whether or not to include single nodes</param>
            <param name="excludeSingleNodeArgumentsWhenMultiple">Whether or not to exclude single nodes if there are more than one</param>
            <returns>Set of argument nodes</returns>
        </member>
        <member name="M:LAIR.Extensions.TreeBankNodeExtensions.GetArgumentNodeCollections(LAIR.ResourceAPIs.PennBank.TreeBank.TreeBankNode,System.Boolean)">
            <summary>
            Gets the argument node collections for a TreeBankNode, which must be a NomBank or PropBank node.
            </summary>
            <param name="n">Node to get collections for</param>
            <param name="removeNullElements">Whether or not to remove null element nodes from the collections. This does not change the
            underlying PropBank or NomBank tree - null elements will still remain in these trees.</param>
            <returns>Node collections</returns>
        </member>
        <member name="M:LAIR.Extensions.TreeBankNodeExtensions.GetModifierNodes(LAIR.ResourceAPIs.PennBank.TreeBank.TreeBankNode,System.Boolean,System.Boolean,System.Boolean,System.Boolean,System.Boolean)">
            <summary>
            Gets modifier nodes for a predicate tree. Only valid for root nodes of PropBank and NomBank trees.
            </summary>
            <param name="n">Predicate tree to get modifiers for - must be a NomBankNode or PropBankNode</param>
            <param name="includeNullElements">Whether or not to include null-element modifier nodes</param>
            <param name="includeSplitModifiers">Whether or not to include split modifiers</param>
            <param name="headSplitModifierNodesOnly">If including split nodes, this specifies whether or not to only include the head node
            of the split modifier. The head node is defined as the node containing the semantic head of the LCA of all nodes
            in the split modifier.</param>
            <param name="includeSingleNodeModifiers">Whether or not to include single nodes</param>
            <param name="excludeSingleNodeModifiersWhenMultiple">Whether or not to exclude single nodes if there are more than one</param>
            <returns>Set of modifier nodes</returns>
        </member>
        <member name="M:LAIR.Extensions.TreeBankNodeExtensions.TryGetRoleInformation(LAIR.ResourceAPIs.PennBank.TreeBank.TreeBankNode,System.Int32,System.String@)">
            <summary>
            Tries to get information for a role in a predicate tree
            </summary>
            <param name="predicateTree">Predicate tree to get information</param>
            <param name="argumentIndex">Argument index to get information for</param>
            <param name="description">Role description for the passed argument</param>
            <returns>True if the role denoted by argumentIndex was found</returns>
        </member>
        <member name="M:LAIR.Extensions.TreeBankNodeExtensions.TryGetRoleInformation(LAIR.ResourceAPIs.PennBank.TreeBank.TreeBankNode,System.Int32,System.String@,System.Int32@)">
            <summary>
            Tries to get information for a role in a predicate tree
            </summary>
            <param name="predicateTree">Predicate tree to get information</param>
            <param name="argumentIndex">Argument index to get information for</param>
            <param name="description">Role description for the passed argument</param>
            <param name="sourceIndex">Source index for argument index</param>
            <returns>True if the role denoted by argumentIndex was found</returns>
        </member>
        <member name="M:LAIR.Extensions.TreeBankNodeExtensions.GetRoleSetID(LAIR.ResourceAPIs.PennBank.TreeBank.TreeBankNode,System.Boolean)">
            <summary>
            Gets the role set for a TreeBankNode
            </summary>
            <param name="n">Node (must be root)</param>
            <param name="nomBankToPropBank">Whether or not to convert NomBank role set IDs to PropBank role set IDs where possible</param>
            <returns>Role set</returns>
        </member>
        <member name="M:LAIR.Extensions.TreeBankNodeExtensions.GetUnfilledRoles(LAIR.ResourceAPIs.PennBank.TreeBank.TreeBankNode,System.Boolean)">
            <summary>
            Gets unfilled roles for a PropBank or NomBank predicate tree
            </summary>
            <param name="predicateTree">Predicate tree to get unfilled roles for (must be PropBank or NomBank node)</param>
            <param name="considerNullElementNodes">Whether or not to consider null-element nodes when checking whether a role is filled</param>
            <returns>Unfilled roles</returns>
        </member>
        <member name="M:LAIR.Extensions.TreeBankNodeExtensions.GetArgumentConfidence(LAIR.ResourceAPIs.PennBank.TreeBank.TreeBankNode)">
            <summary>
            Gets confidence of an argument node. Node must be either PropBankNode or NomBankNode, and must be an argument node.
            </summary>
            <param name="n">Node to get argument confidence for. Must be either PropBankNode or NomBankNode, and must be an argument node.</param>
            <returns>Confidence of argument label</returns>
        </member>
        <member name="M:LAIR.Extensions.TreeBankNodeExtensions.GetWordNetPOS(LAIR.ResourceAPIs.PennBank.TreeBank.TreeBankEngine.SyntacticCategory)">
            <summary>
            Gets the WordNet POS for a TreeBank syntactic category
            </summary>
            <param name="c">TreeBank syntactic category to get WordNet POS for</param>
            <returns>WordNet POS</returns>
        </member>
        <member name="T:LAIR.Extensions.DictionaryExtensions">
            <summary>
            Provides extension methods for the .NET Dictionary class
            </summary>
        </member>
        <member name="M:LAIR.Extensions.DictionaryExtensions.SortKeysByValues``2(System.Collections.Generic.Dictionary{``0,``1})">
            <summary>
            Sorts dictionary keys by their corresponding values
            </summary>
            <typeparam name="KeyType">Type of key objects</typeparam>
            <typeparam name="ValueType">Type of value objects</typeparam>
            <param name="dictionary">Dictionary to sort</param>
            <returns>Sorted list of keys</returns>
        </member>
        <member name="M:LAIR.Extensions.DictionaryExtensions.SortKeysByValues``2(System.Collections.Generic.Dictionary{``0,``1},System.Boolean)">
            <summary>
            Sorts dictionary keys by their corresponding values
            </summary>
            <typeparam name="KeyType">Type of key objects</typeparam>
            <typeparam name="ValueType">Type of value objects</typeparam>
            <param name="dictionary">Dictionary to sort</param>
            <param name="reverse">Whether or not to reverse the sorted key list</param>
            <returns>Sorted list of keys</returns>
        </member>
        <member name="M:LAIR.Extensions.DictionaryExtensions.SortValuesByKeys``2(System.Collections.Generic.Dictionary{``0,``1})">
            <summary>
            Sorts dictionary values by their corresponding keys
            </summary>
            <typeparam name="KeyType">Type of key objects</typeparam>
            <typeparam name="ValueType">Type of value objects</typeparam>
            <param name="dictionary">Dictionary to sort</param>
            <returns>Sorted list of values</returns>
        </member>
        <member name="M:LAIR.Extensions.DictionaryExtensions.SortValuesByKeys``2(System.Collections.Generic.Dictionary{``0,``1},System.Boolean)">
            <summary>
            Sorts dictionary values by their corresponding keys
            </summary>
            <typeparam name="KeyType">Type of key objects</typeparam>
            <typeparam name="ValueType">Type of value objects</typeparam>
            <param name="dictionary">Dictionary to sort</param>
            <param name="reverse">Whether or not to reverse the sorted value list</param>
            <returns>Sorted list of values</returns>
        </member>
        <member name="M:LAIR.Extensions.DictionaryExtensions.Add``2(System.Collections.Generic.Dictionary{``0,``1},System.Collections.Generic.Dictionary{``0,``1},LAIR.Extensions.DictionaryExtensions.ValueCombinationDelegate{``1})">
            <summary>
            Adds a dictionary to the current one, merging values with key conflicts
            </summary>
            <typeparam name="KeyType">Type of keys</typeparam>
            <typeparam name="ValueType">Type of values</typeparam>
            <param name="dictionary">Dictionary to add to</param>
            <param name="toAdd">Dictionary to add</param>
            <param name="combine">Combination delegate</param>
        </member>
        <member name="M:LAIR.Extensions.DictionaryExtensions.Save``2(System.Collections.Generic.Dictionary{``0,``1},System.String,System.Func{``0,System.String},System.Func{``1,System.String},LAIR.Extensions.DictionaryExtensions.Sort,System.Boolean,System.Boolean,System.String,System.String,System.Boolean)">
            <summary>
            Saves this dictionary to file
            </summary>
            <typeparam name="KeyType">Key type</typeparam>
            <typeparam name="ValueType">Value type</typeparam>
            <param name="dictionary">Dictionary to save</param>
            <param name="path">Path to save to</param>
            <param name="keyConversion">Conversion from keys to strings</param>
            <param name="valueConversion">Conversion from values to strings</param>
            <param name="sort">How to sort keys before printing lines</param>
            <param name="reverse">Whether or not to reverse the sorted key collection</param>
            <param name="writeCount">Whether or not to write the dictionary's count to file</param>
            <param name="linePrefix">Key-value line prefix</param>
            <param name="keyValSeparator">Key-value sparator</param>
            <param name="throwExceptionOnContainsSeparator">Whether or not to throw an exception if the key or value string 
            contains the separator sequence</param>
        </member>
        <member name="M:LAIR.Extensions.DictionaryExtensions.Save``2(System.Collections.Generic.Dictionary{``0,``1},System.IO.StreamWriter,System.Func{``0,System.String},System.Func{``1,System.String},LAIR.Extensions.DictionaryExtensions.Sort,System.Boolean,System.Boolean,System.String,System.String,System.Boolean)">
            <summary>
            Saves this dictionary to file
            </summary>
            <typeparam name="KeyType">Key type</typeparam>
            <typeparam name="ValueType">Value type</typeparam>
            <param name="dictionary">Dictionary to save</param>
            <param name="file">File to save to</param>
            <param name="keyConversion">Conversion from keys to strings</param>
            <param name="valueConversion">Conversion from values to strings</param>
            <param name="sort">How to sort keys before printing lines</param>
            <param name="reverse">Whether or not to reverse the sorted key collection</param>
            <param name="writeCount">Whether or not to write the dictionary's count to file</param>
            <param name="linePrefix">Key-value line prefix</param>
            <param name="keyValSeparator">Key-value sparator</param>
            <param name="throwExceptionOnContainsSeparator">Whether or not to throw an exception if the key or value string 
            contains the separator sequence</param>
        </member>
        <member name="M:LAIR.Extensions.DictionaryExtensions.EnsureContainsKey``2(System.Collections.Generic.Dictionary{``0,``1},``0,System.Type)">
            <summary>
            Ensures that the current dictionary contains a given key. If it does not, a new key-value pair is added
            using the given key and the value resulting from calling the default constructor for the valueType type.
            </summary>
            <typeparam name="KeyType">Key type</typeparam>
            <typeparam name="ValueType">Value type</typeparam>
            <param name="dictionary">Dictionary</param>
            <param name="key">Key to ensure the existence of</param>
            <param name="valueType">Type of value</param>
        </member>
        <member name="M:LAIR.Extensions.DictionaryExtensions.EnsureContainsKey``2(System.Collections.Generic.Dictionary{``0,``1},``0,System.Type,System.Object[])">
            <summary>
            Ensures that the current dictionary contains a given key. If it does not, a new key-value pair is added
            using the given key and the value resulting from calling the default constructor for the valueType type.
            </summary>
            <typeparam name="KeyType">Key type</typeparam>
            <typeparam name="ValueType">Value type</typeparam>
            <param name="dictionary">Dictionary</param>
            <param name="key">Key to ensure the existence of</param>
            <param name="valueType">Type of value</param>
            <param name="constructorParameters">Parameters to pass to the value constructor if the key needs to be added</param>
        </member>
        <member name="T:LAIR.Extensions.DictionaryExtensions.Sort">
            <summary>
            Different types of sort
            </summary>
        </member>
        <member name="F:LAIR.Extensions.DictionaryExtensions.Sort.None">
            <summary>
            Don't sort
            </summary>
        </member>
        <member name="F:LAIR.Extensions.DictionaryExtensions.Sort.Keys">
            <summary>
            Sort keys directly
            </summary>
        </member>
        <member name="F:LAIR.Extensions.DictionaryExtensions.Sort.KeysByValues">
            <summary>
            Sort keys by values
            </summary>
        </member>
        <member name="T:LAIR.Extensions.DictionaryExtensions.ValueCombinationDelegate`1">
            <summary>
            Combines to values
            </summary>
            <typeparam name="ValueType">Type of values to combine</typeparam>
            <param name="value1">First value to combine</param>
            <param name="value2">Second value to combine</param>
            <returns>Combined value</returns>
        </member>
        <member name="T:LAIR.Extensions.IListExtensions">
            <summary>
            Extensions for IList objects
            </summary>
        </member>
        <member name="M:LAIR.Extensions.IListExtensions.Randomize``1(System.Collections.Generic.IList{``0})">
            <summary>
            Randomizes the list
            </summary>
            <typeparam name="T">Type of list to randomize</typeparam>
            <param name="list">List to randomize</param>
        </member>
        <member name="M:LAIR.Extensions.IListExtensions.Randomize``1(System.Collections.Generic.IList{``0},System.Random)">
            <summary>
            Randomizes the list
            </summary>
            <typeparam name="T">Type of list to randomize</typeparam>
            <param name="list">List to randomize</param>
            <param name="r">Random number generator to use</param>
        </member>
        <member name="M:LAIR.Extensions.IListExtensions.RemoveAtMultiple``1(System.Collections.Generic.IList{``0},System.Boolean[])">
            <summary>
            Removes elements in a list based on an indicator list
            </summary>
            <typeparam name="T">Type of list</typeparam>
            <param name="list">List</param>
            <param name="remove">Array of boolean values indicating which elements to remove</param>
        </member>
        <member name="T:LAIR.Extensions.StreamReaderExtensions">
            <summary>
            Extensions for the StreamReader class
            </summary>
        </member>
        <member name="M:LAIR.Extensions.StreamReaderExtensions.ReadLine(System.IO.StreamReader,System.UInt32@)">
            <summary>
            Reads a line from a reader, tracking the stream position.
            </summary>
            <param name="reader">Reader to read from</param>
            <param name="position">Position of next read operation, passed in as the current reader position.</param>
            <returns>Line</returns>
        </member>
        <member name="M:LAIR.Extensions.StreamReaderExtensions.TryReadLine(System.IO.StreamReader,System.String@)">
            <summary>
            Tries to read a line from a reader. After the last line is read, this function will close the given reader. This is 
            handy because it lets you write while loops such as while(file.ReadLine(out line)){}.
            </summary>
            <param name="reader">Reader to read from</param>
            <param name="line">Line that was read, or null if no line was read.</param>
            <returns>True if line was read, false otherwise</returns>
        </member>
        <member name="M:LAIR.Extensions.StreamReaderExtensions.SetPosition(System.IO.StreamReader,System.Int64)">
            <summary>
            Sets a StreamReader to a given position and discards any buffered data
            </summary>
            <param name="reader">StreamReader to reset</param>
            <param name="position">Position to reset to</param>
        </member>
    </members>
</doc>
